Año,Ingreso,Ingreso_alt,Ingreso específico,Valor,Valor a precios constantes (2026)
2013,INGRESOS DE LOS ESTABLECIMIENTOS PÚBLICOS,INGRESOS DE LOS ESTABLECIMIENTOS PÚBLICOS,APORTES DE AFILIADOS,292578303448.0,577875246402.9501
2013,INGRESOS DE LOS ESTABLECIMIENTOS PÚBLICOS,INGRESOS DE LOS ESTABLECIMIENTOS PÚBLICOS,APORTES DE OTRAS ENTIDADES,65052047891.0,128485153413.67192
2013,INGRESOS DE LOS ESTABLECIMIENTOS PÚBLICOS,INGRESOS DE LOS ESTABLECIMIENTOS PÚBLICOS,APORTES PATRONALES,15907092000.0,31418306144.796375
2013,INGRESOS DE LOS ESTABLECIMIENTOS PÚBLICOS,INGRESOS DE LOS ESTABLECIMIENTOS PÚBLICOS,CONTRIBUCIONES,10650100000.0,21035152262.443436
2013,INGRESOS DE LOS ESTABLECIMIENTOS PÚBLICOS,INGRESOS DE LOS ESTABLECIMIENTOS PÚBLICOS,CONTRIBUCIONES PARAFISCALES,5389209127637.0,10644297666124.66
2013,INGRESOS DE LOS ESTABLECIMIENTOS PÚBLICOS,INGRESOS DE LOS ESTABLECIMIENTOS PÚBLICOS,FONDOS ESPECIALES DE LA NACIÓN,357367119068.0,705840486303.9908
2013,INGRESOS DE LOS ESTABLECIMIENTOS PÚBLICOS,INGRESOS DE LOS ESTABLECIMIENTOS PÚBLICOS,INGRESOS ADMINISTRADOS DEL FOSYGA,2734000000.0,5399959276.018099
2013,INGRESOS DE LOS ESTABLECIMIENTOS PÚBLICOS,INGRESOS DE LOS ESTABLECIMIENTOS PÚBLICOS,INGRESOS POR U.P.C. REGIMEN CONTRIBUTIVO,69598010841.0,137463944489.12442
2013,INGRESOS DE LOS ESTABLECIMIENTOS PÚBLICOS,INGRESOS DE LOS ESTABLECIMIENTOS PÚBLICOS,OPERACIONES COMERCIALES,731305143741.0,1444410385714.6897
2013,INGRESOS DE LOS ESTABLECIMIENTOS PÚBLICOS,INGRESOS DE LOS ESTABLECIMIENTOS PÚBLICOS,OTROS INGRESOS,525964698327.0,1038839777464.8663
2013,INGRESOS DE LOS ESTABLECIMIENTOS PÚBLICOS,INGRESOS DE LOS ESTABLECIMIENTOS PÚBLICOS,RECURSOS DE CAPITAL,2327287196836.0,4596655481533.547
2013,INGRESOS DE LOS ESTABLECIMIENTOS PÚBLICOS,INGRESOS DE LOS ESTABLECIMIENTOS PÚBLICOS,"TASAS, MULTAS Y CONTRIBUCIONES",1961200542949.0,3873592927589.314
2013,INGRESOS DE LOS ESTABLECIMIENTOS PÚBLICOS,INGRESOS DE LOS ESTABLECIMIENTOS PÚBLICOS,VENTA DE BIENES Y SERVICIOS,2595862795476.0,5127122670702.597
2013,INGRESOS DEL PRESUPUESTO NACIONAL,CONTRIBUCIONES PARAFISCALES DE LA NACIÓN,CONTRIBUCIONES PARAFISCALES DE LA NACIÓN,1211443724583.0,2392738397196.7393
2013,INGRESOS DEL PRESUPUESTO NACIONAL,FONDOS ESPECIALES DE LA NACIÓN,FONDOS ESPECIALES DE LA NACIÓN,7131567759851.0,14085653064140.096
2013,INGRESOS DEL PRESUPUESTO NACIONAL,INGRESOS CORRIENTES DE LA NACIÓN,INGRESOS CORRIENTES DE LA NACIÓN,102212000636000.0,201880263699610.8
2013,INGRESOS DEL PRESUPUESTO NACIONAL,RECURSOS DE CAPITAL DE LA NACIÓN,RECURSOS DE CAPITAL DE LA NACIÓN,60624905418988.0,119741046223476.28
2014,INGRESOS DE LOS ESTABLECIMIENTOS PÚBLICOS,INGRESOS DE LOS ESTABLECIMIENTOS PÚBLICOS,APORTES DE AFILIADOS,270980907473.0,516332482118.43353
2014,INGRESOS DE LOS ESTABLECIMIENTOS PÚBLICOS,INGRESOS DE LOS ESTABLECIMIENTOS PÚBLICOS,APORTES DE OTRAS ENTIDADES,48662128804.0,92721800900.45543
2014,INGRESOS DE LOS ESTABLECIMIENTOS PÚBLICOS,INGRESOS DE LOS ESTABLECIMIENTOS PÚBLICOS,APORTES PATRONALES,18211941000.0,34701399402.69189
2014,INGRESOS DE LOS ESTABLECIMIENTOS PÚBLICOS,INGRESOS DE LOS ESTABLECIMIENTOS PÚBLICOS,CONTRIBUCIONES PARAFISCALES,1652701826000.0,3149091365801.382
2014,INGRESOS DE LOS ESTABLECIMIENTOS PÚBLICOS,INGRESOS DE LOS ESTABLECIMIENTOS PÚBLICOS,FONDOS ESPECIALES DE LA NACIÓN,382995859002.0,729768028174.782
2014,INGRESOS DE LOS ESTABLECIMIENTOS PÚBLICOS,INGRESOS DE LOS ESTABLECIMIENTOS PÚBLICOS,INGRESOS ADMINISTRADOS DEL FOSYGA,1056000000.0,2012123681.3386683
2014,INGRESOS DE LOS ESTABLECIMIENTOS PÚBLICOS,INGRESOS DE LOS ESTABLECIMIENTOS PÚBLICOS,INGRESOS POR U.P.C. REGIMEN CONTRIBUTIVO,75284870000.0,143449308497.6355
2014,INGRESOS DE LOS ESTABLECIMIENTOS PÚBLICOS,INGRESOS DE LOS ESTABLECIMIENTOS PÚBLICOS,OPERACIONES COMERCIALES,1052397900000.0,2005260167406.3293
2014,INGRESOS DE LOS ESTABLECIMIENTOS PÚBLICOS,INGRESOS DE LOS ESTABLECIMIENTOS PÚBLICOS,OTROS INGRESOS,620074814668.0,1181503048101.4856
2014,INGRESOS DE LOS ESTABLECIMIENTOS PÚBLICOS,INGRESOS DE LOS ESTABLECIMIENTOS PÚBLICOS,RECURSOS DE CAPITAL,2715863812778.0,5174861641080.815
2014,INGRESOS DE LOS ESTABLECIMIENTOS PÚBLICOS,INGRESOS DE LOS ESTABLECIMIENTOS PÚBLICOS,"TASAS, MULTAS Y CONTRIBUCIONES",3667929366408.0,6988946533737.76
2014,INGRESOS DE LOS ESTABLECIMIENTOS PÚBLICOS,INGRESOS DE LOS ESTABLECIMIENTOS PÚBLICOS,VENTA DE BIENES Y SERVICIOS,1331956765428.0,2537937263481.944
2014,INGRESOS DEL PRESUPUESTO NACIONAL,CONTRIBUCIONES PARAFISCALES DE LA NACIÓN,CONTRIBUCIONES PARAFISCALES DE LA NACIÓN,1289072421732.0,2456224570764.72
2014,INGRESOS DEL PRESUPUESTO NACIONAL,FONDOS ESPECIALES DE LA NACIÓN,FONDOS ESPECIALES DE LA NACIÓN,21766888689764.0,41475068372856.98
2014,INGRESOS DEL PRESUPUESTO NACIONAL,INGRESOS CORRIENTES DE LA NACIÓN,INGRESOS CORRIENTES DE LA NACIÓN,102691440000000.0,195670339294288.8
2014,INGRESOS DEL PRESUPUESTO NACIONAL,RECURSOS DE CAPITAL DE LA NACIÓN,RECURSOS DE CAPITAL DE LA NACIÓN,62269030218478.0,118648665072531.0
2015,INGRESOS DE LOS ESTABLECIMIENTOS PÚBLICOS,INGRESOS DE LOS ESTABLECIMIENTOS PÚBLICOS,APORTES DE AFILIADOS,275176040800.0,491097820003.5434
2015,INGRESOS DE LOS ESTABLECIMIENTOS PÚBLICOS,INGRESOS DE LOS ESTABLECIMIENTOS PÚBLICOS,APORTES DE OTRAS ENTIDADES,93461803000.0,166798270566.9506
2015,INGRESOS DE LOS ESTABLECIMIENTOS PÚBLICOS,INGRESOS DE LOS ESTABLECIMIENTOS PÚBLICOS,APORTES PATRONALES,10715470070.0,19123554421.34923
2015,INGRESOS DE LOS ESTABLECIMIENTOS PÚBLICOS,INGRESOS DE LOS ESTABLECIMIENTOS PÚBLICOS,CONTRIBUCIONES PARAFISCALES,2395293515000.0,4274803213482.1123
2015,INGRESOS DE LOS ESTABLECIMIENTOS PÚBLICOS,INGRESOS DE LOS ESTABLECIMIENTOS PÚBLICOS,FONDOS ESPECIALES DE LA NACIÓN,418618057545.0,747094168797.5161
2015,INGRESOS DE LOS ESTABLECIMIENTOS PÚBLICOS,INGRESOS DE LOS ESTABLECIMIENTOS PÚBLICOS,INGRESOS ADMINISTRADOS DEL FOSYGA,1046124944.0,1866985504.82862
2015,INGRESOS DE LOS ESTABLECIMIENTOS PÚBLICOS,INGRESOS DE LOS ESTABLECIMIENTOS PÚBLICOS,INGRESOS POR U.P.C. REGIMEN CONTRIBUTIVO,77213461391.0,137800378455.21567
2015,INGRESOS DE LOS ESTABLECIMIENTOS PÚBLICOS,INGRESOS DE LOS ESTABLECIMIENTOS PÚBLICOS,OPERACIONES COMERCIALES,928889363120.0,1657758938338.1804
2015,INGRESOS DE LOS ESTABLECIMIENTOS PÚBLICOS,INGRESOS DE LOS ESTABLECIMIENTOS PÚBLICOS,OTROS INGRESOS,893142948724.0,1593963463514.9272
2015,INGRESOS DE LOS ESTABLECIMIENTOS PÚBLICOS,INGRESOS DE LOS ESTABLECIMIENTOS PÚBLICOS,RECURSOS DE CAPITAL,2650186554312.0,4729702613794.295
2015,INGRESOS DE LOS ESTABLECIMIENTOS PÚBLICOS,INGRESOS DE LOS ESTABLECIMIENTOS PÚBLICOS,"TASAS, MULTAS Y CONTRIBUCIONES",3824465491035.0,6825400423182.735
2015,INGRESOS DE LOS ESTABLECIMIENTOS PÚBLICOS,INGRESOS DE LOS ESTABLECIMIENTOS PÚBLICOS,VENTA DE BIENES Y SERVICIOS,1275494226625.0,2276333478385.6045
2015,INGRESOS DEL PRESUPUESTO NACIONAL,CONTRIBUCIONES PARAFISCALES DE LA NACIÓN,CONTRIBUCIONES PARAFISCALES DE LA NACIÓN,1368187459056.0,2441760105804.2
2015,INGRESOS DEL PRESUPUESTO NACIONAL,FONDOS ESPECIALES DE LA NACIÓN,FONDOS ESPECIALES DE LA NACIÓN,20527284260938.0,36634383290900.59
2015,INGRESOS DEL PRESUPUESTO NACIONAL,INGRESOS CORRIENTES DE LA NACIÓN,INGRESOS CORRIENTES DE LA NACIÓN,103088800000000.0,183979262146507.66
2015,INGRESOS DEL PRESUPUESTO NACIONAL,RECURSOS DE CAPITAL DE LA NACIÓN,RECURSOS DE CAPITAL DE LA NACIÓN,65830088653748.0,117484839648494.72
2016,INGRESOS DE LOS ESTABLECIMIENTOS PÚBLICOS,INGRESOS DE LOS ESTABLECIMIENTOS PÚBLICOS,APORTES DE AFILIADOS,333560312000.0,562943480052.4111
2016,INGRESOS DE LOS ESTABLECIMIENTOS PÚBLICOS,INGRESOS DE LOS ESTABLECIMIENTOS PÚBLICOS,APORTES DE OTRAS ENTIDADES,57838174379.0,97612401696.01611
2016,INGRESOS DE LOS ESTABLECIMIENTOS PÚBLICOS,INGRESOS DE LOS ESTABLECIMIENTOS PÚBLICOS,APORTES PATRONALES,10713298417.0,18080632727.391045
2016,INGRESOS DE LOS ESTABLECIMIENTOS PÚBLICOS,INGRESOS DE LOS ESTABLECIMIENTOS PÚBLICOS,CONTRIBUCIONES PARAFISCALES,2873522182212.0,4849589471730.144
2016,INGRESOS DE LOS ESTABLECIMIENTOS PÚBLICOS,INGRESOS DE LOS ESTABLECIMIENTOS PÚBLICOS,FONDOS ESPECIALES DE LA NACIÓN,479510507151.0,809260885981.185
2016,INGRESOS DE LOS ESTABLECIMIENTOS PÚBLICOS,INGRESOS DE LOS ESTABLECIMIENTOS PÚBLICOS,INGRESOS ADMINISTRADOS DEL FOSYGA,3084114249.0,5205001751.561164
2016,INGRESOS DE LOS ESTABLECIMIENTOS PÚBLICOS,INGRESOS DE LOS ESTABLECIMIENTOS PÚBLICOS,INGRESOS POR U.P.C. REGIMEN CONTRIBUTIVO,79804660000.0,134684827326.81775
2016,INGRESOS DE LOS ESTABLECIMIENTOS PÚBLICOS,INGRESOS DE LOS ESTABLECIMIENTOS PÚBLICOS,OPERACIONES COMERCIALES,762481767293.0,1286826172402.7712
2016,INGRESOS DE LOS ESTABLECIMIENTOS PÚBLICOS,INGRESOS DE LOS ESTABLECIMIENTOS PÚBLICOS,OTROS INGRESOS,1267285054492.0,2138773208708.7625
2016,INGRESOS DE LOS ESTABLECIMIENTOS PÚBLICOS,INGRESOS DE LOS ESTABLECIMIENTOS PÚBLICOS,RECURSOS DE CAPITAL,3489978888858.0,5889971889111.225
2016,INGRESOS DE LOS ESTABLECIMIENTOS PÚBLICOS,INGRESOS DE LOS ESTABLECIMIENTOS PÚBLICOS,"TASAS, MULTAS Y CONTRIBUCIONES",3459728449991.0,5838918791016.924
2016,INGRESOS DE LOS ESTABLECIMIENTOS PÚBLICOS,INGRESOS DE LOS ESTABLECIMIENTOS PÚBLICOS,VENTA DE BIENES Y SERVICIOS,1286589663977.0,2171353235928.9634
2016,INGRESOS DEL PRESUPUESTO NACIONAL,CONTRIBUCIONES PARAFISCALES DE LA NACIÓN,CONTRIBUCIONES PARAFISCALES DE LA NACIÓN,1559218832671.0,2631464368659.875
2016,INGRESOS DEL PRESUPUESTO NACIONAL,FONDOS ESPECIALES DE LA NACIÓN,FONDOS ESPECIALES DE LA NACIÓN,18703443427251.0,31565450544068.543
2016,INGRESOS DEL PRESUPUESTO NACIONAL,INGRESOS CORRIENTES DE LA NACIÓN,INGRESOS CORRIENTES DE LA NACIÓN,118696488000000.0,200321835724626.78
2016,INGRESOS DEL PRESUPUESTO NACIONAL,RECURSOS DE CAPITAL DE LA NACIÓN,RECURSOS DE CAPITAL DE LA NACIÓN,62851114633168.0,106072646906411.98
2017,INGRESOS DE LOS ESTABLECIMIENTOS PÚBLICOS,INGRESOS DE LOS ESTABLECIMIENTOS PÚBLICOS,APORTES DE AFILIADOS,336071951000.0,544885951095.12994
2017,INGRESOS DE LOS ESTABLECIMIENTOS PÚBLICOS,INGRESOS DE LOS ESTABLECIMIENTOS PÚBLICOS,APORTES DE OTRAS ENTIDADES,65723545152.0,106560027705.17209
2017,INGRESOS DE LOS ESTABLECIMIENTOS PÚBLICOS,INGRESOS DE LOS ESTABLECIMIENTOS PÚBLICOS,APORTES PATRONALES,14081352000.0,22830619617.00371
2017,INGRESOS DE LOS ESTABLECIMIENTOS PÚBLICOS,INGRESOS DE LOS ESTABLECIMIENTOS PÚBLICOS,CONTRIBUCIONES PARAFISCALES,3153879620318.0,5113502306404.979
2017,INGRESOS DE LOS ESTABLECIMIENTOS PÚBLICOS,INGRESOS DE LOS ESTABLECIMIENTOS PÚBLICOS,FONDOS ESPECIALES DE LA NACIÓN,614095375589.0,995655667767.8029
2017,INGRESOS DE LOS ESTABLECIMIENTOS PÚBLICOS,INGRESOS DE LOS ESTABLECIMIENTOS PÚBLICOS,INGRESOS ADMINISTRADOS DEL FOSYGA,3174317000.0,5146638190.053652
2017,INGRESOS DE LOS ESTABLECIMIENTOS PÚBLICOS,INGRESOS DE LOS ESTABLECIMIENTOS PÚBLICOS,INGRESOS POR U.P.C. REGIMEN CONTRIBUTIVO,88911000000.0,144154710482.87247
2017,INGRESOS DE LOS ESTABLECIMIENTOS PÚBLICOS,INGRESOS DE LOS ESTABLECIMIENTOS PÚBLICOS,OPERACIONES COMERCIALES,579665712636.0,939833574944.501
2017,INGRESOS DE LOS ESTABLECIMIENTOS PÚBLICOS,INGRESOS DE LOS ESTABLECIMIENTOS PÚBLICOS,OTROS INGRESOS,2173192139207.0,3523477226114.197
2017,INGRESOS DE LOS ESTABLECIMIENTOS PÚBLICOS,INGRESOS DE LOS ESTABLECIMIENTOS PÚBLICOS,RECURSOS DE CAPITAL,3345224948939.0,5423737602933.083
2017,INGRESOS DE LOS ESTABLECIMIENTOS PÚBLICOS,INGRESOS DE LOS ESTABLECIMIENTOS PÚBLICOS,"TASAS, MULTAS Y CONTRIBUCIONES",2492216429797.0,4040723171464.0996
2017,INGRESOS DE LOS ESTABLECIMIENTOS PÚBLICOS,INGRESOS DE LOS ESTABLECIMIENTOS PÚBLICOS,VENTA DE BIENES Y SERVICIOS,1556386477138.0,2523427270093.5337
2017,INGRESOS DEL PRESUPUESTO NACIONAL,CONTRIBUCIONES PARAFISCALES DE LA NACIÓN,CONTRIBUCIONES PARAFISCALES DE LA NACIÓN,1660311220533.0,2691924321033.3843
2017,INGRESOS DEL PRESUPUESTO NACIONAL,FONDOS ESPECIALES DE LA NACIÓN,FONDOS ESPECIALES DE LA NACIÓN,18980957501423.0,30774532209797.875
2017,INGRESOS DEL PRESUPUESTO NACIONAL,INGRESOS CORRIENTES DE LA NACIÓN,INGRESOS CORRIENTES DE LA NACIÓN,119296473000000.0,193419807750928.6
2017,INGRESOS DEL PRESUPUESTO NACIONAL,RECURSOS DE CAPITAL DE LA NACIÓN,RECURSOS DE CAPITAL DE LA NACIÓN,70061307721965.0,113593003460891.23
2018,INGRESOS DE LOS ESTABLECIMIENTOS PÚBLICOS,INGRESOS DE LOS ESTABLECIMIENTOS PÚBLICOS,APORTES DE AFILIADOS,378522206000.0,594809794508.3999
2018,INGRESOS DE LOS ESTABLECIMIENTOS PÚBLICOS,INGRESOS DE LOS ESTABLECIMIENTOS PÚBLICOS,APORTES DE OTRAS ENTIDADES,65514863000.0,102950055718.2
2018,INGRESOS DE LOS ESTABLECIMIENTOS PÚBLICOS,INGRESOS DE LOS ESTABLECIMIENTOS PÚBLICOS,APORTES PATRONALES,12464607000.0,19586883439.8
2018,INGRESOS DE LOS ESTABLECIMIENTOS PÚBLICOS,INGRESOS DE LOS ESTABLECIMIENTOS PÚBLICOS,CONTRIBUCIONES PARAFISCALES,3458680720000.0,5434970883408.0
2018,INGRESOS DE LOS ESTABLECIMIENTOS PÚBLICOS,INGRESOS DE LOS ESTABLECIMIENTOS PÚBLICOS,FONDOS ESPECIALES DE LA NACIÓN,522366355857.0,820846491593.6897
2018,INGRESOS DE LOS ESTABLECIMIENTOS PÚBLICOS,INGRESOS DE LOS ESTABLECIMIENTOS PÚBLICOS,INGRESOS ADMINISTRADOS DEL FOSYGA,3336000000.0,5242190400.0
2018,INGRESOS DE LOS ESTABLECIMIENTOS PÚBLICOS,INGRESOS DE LOS ESTABLECIMIENTOS PÚBLICOS,INGRESOS POR U.P.C. REGIMEN CONTRIBUTIVO,95097000000.0,149435425800.0
2018,INGRESOS DE LOS ESTABLECIMIENTOS PÚBLICOS,INGRESOS DE LOS ESTABLECIMIENTOS PÚBLICOS,OPERACIONES COMERCIALES,407985777122.0,641108850169.5107
2018,INGRESOS DE LOS ESTABLECIMIENTOS PÚBLICOS,INGRESOS DE LOS ESTABLECIMIENTOS PÚBLICOS,OTROS INGRESOS,549784118420.0,863930763685.188
2018,INGRESOS DE LOS ESTABLECIMIENTOS PÚBLICOS,INGRESOS DE LOS ESTABLECIMIENTOS PÚBLICOS,RECURSOS DE CAPITAL,2896307451167.0,4551257528763.823
2018,INGRESOS DE LOS ESTABLECIMIENTOS PÚBLICOS,INGRESOS DE LOS ESTABLECIMIENTOS PÚBLICOS,"TASAS, MULTAS Y CONTRIBUCIONES",3806827596229.0,5982048884714.25
2018,INGRESOS DE LOS ESTABLECIMIENTOS PÚBLICOS,INGRESOS DE LOS ESTABLECIMIENTOS PÚBLICOS,VENTA DE BIENES Y SERVICIOS,1810628053919.0,2845220923928.3164
2018,INGRESOS DEL PRESUPUESTO NACIONAL,CONTRIBUCIONES PARAFISCALES DE LA NACIÓN,CONTRIBUCIONES PARAFISCALES DE LA NACIÓN,1933745679865.0,3038687961339.861
2018,INGRESOS DEL PRESUPUESTO NACIONAL,FONDOS ESPECIALES DE LA NACIÓN,FONDOS ESPECIALES DE LA NACIÓN,11372146375984.0,17870190815221.258
2018,INGRESOS DEL PRESUPUESTO NACIONAL,INGRESOS CORRIENTES DE LA NACIÓN,INGRESOS CORRIENTES DE LA NACIÓN,139987878000000.0,219976951489199.97
2018,INGRESOS DEL PRESUPUESTO NACIONAL,RECURSOS DE CAPITAL DE LA NACIÓN,RECURSOS DE CAPITAL DE LA NACIÓN,68252521925298.0,107252012953413.27
2019,INGRESOS DE LOS ESTABLECIMIENTOS PÚBLICOS,INGRESOS DE LOS ESTABLECIMIENTOS PÚBLICOS,CONTRIBUCIONES PARAFISCALES DE LOS ESTABLECIMIENTOS PÚBLICOS,3742131252155.0,5665110837799.968
2019,INGRESOS DE LOS ESTABLECIMIENTOS PÚBLICOS,INGRESOS DE LOS ESTABLECIMIENTOS PÚBLICOS,FONDOS ESPECIALES ESTABLECIMIENTOS PÚBLICOS,539078072630.0,816095648680.9075
2019,INGRESOS DE LOS ESTABLECIMIENTOS PÚBLICOS,INGRESOS DE LOS ESTABLECIMIENTOS PÚBLICOS,INGRESOS CORRIENTES,8127883560440.0,12304582106816.393
2019,INGRESOS DE LOS ESTABLECIMIENTOS PÚBLICOS,INGRESOS DE LOS ESTABLECIMIENTOS PÚBLICOS,RECURSOS DE CAPITAL,2770623716133.0,4194371972573.599
2019,INGRESOS DEL PRESUPUESTO NACIONAL,CONTRIBUCIONES PARAFISCALES DE LA NACIÓN,CONTRIBUCIONES PARAFISCALES DE LA NACIÓN,2085384000000.0,3157006182658.9595
2019,INGRESOS DEL PRESUPUESTO NACIONAL,FONDOS ESPECIALES DE LA NACIÓN,FONDOS ESPECIALES DE LA NACIÓN,11075690159323.0,16767186431946.205
2019,INGRESOS DEL PRESUPUESTO NACIONAL,INGRESOS CORRIENTES DE LA NACIÓN,INGRESOS CORRIENTES DE LA NACIÓN,144774580000000.0,219170303479768.78
2019,INGRESOS DEL PRESUPUESTO NACIONAL,RECURSOS DE CAPITAL DE LA NACIÓN,RECURSOS DE CAPITAL DE LA NACIÓN,71881934449246.0,108820107700910.56
2020,INGRESOS DE LOS ESTABLECIMIENTOS PÚBLICOS,INGRESOS DE LOS ESTABLECIMIENTOS PÚBLICOS,CONTRIBUCIONES PARAFISCALES DE LOS ESTABLECIMIENTOS PÚBLICOS,3816394000000.0,5685515293515.357
2020,INGRESOS DE LOS ESTABLECIMIENTOS PÚBLICOS,INGRESOS DE LOS ESTABLECIMIENTOS PÚBLICOS,FONDOS ESPECIALES ESTABLECIMIENTOS PÚBLICOS,751413947000.0,1119427262339.5903
2020,INGRESOS DE LOS ESTABLECIMIENTOS PÚBLICOS,INGRESOS DE LOS ESTABLECIMIENTOS PÚBLICOS,INGRESOS CORRIENTES,9334305868464.0,13905885705066.674
2020,INGRESOS DE LOS ESTABLECIMIENTOS PÚBLICOS,INGRESOS DE LOS ESTABLECIMIENTOS PÚBLICOS,RECURSOS DE CAPITAL,2581101870308.0,3845225141260.894
2020,INGRESOS DEL PRESUPUESTO NACIONAL,CONTRIBUCIONES PARAFISCALES DE LA NACIÓN,CONTRIBUCIONES PARAFISCALES DE LA NACIÓN,2246823131586.0,3347229682379.8257
2020,INGRESOS DEL PRESUPUESTO NACIONAL,FONDOS ESPECIALES DE LA NACIÓN,FONDOS ESPECIALES DE LA NACIÓN,12351401246435.0,18400637010473.984
2020,INGRESOS DEL PRESUPUESTO NACIONAL,INGRESOS CORRIENTES DE LA NACIÓN,INGRESOS CORRIENTES DE LA NACIÓN,159366960000000.0,237418696382252.53
2020,INGRESOS DEL PRESUPUESTO NACIONAL,RECURSOS DE CAPITAL DE LA NACIÓN,RECURSOS DE CAPITAL DE LA NACIÓN,81265594647948.0,121066321036960.06
2021,INGRESOS DE LOS ESTABLECIMIENTOS PÚBLICOS,INGRESOS DE LOS ESTABLECIMIENTOS PÚBLICOS,CONTRIBUCIONES PARAFISCALES DE LOS ESTABLECIMIENTOS PÚBLICOS,3948349857835.0,5569012625977.846
2021,INGRESOS DE LOS ESTABLECIMIENTOS PÚBLICOS,INGRESOS DE LOS ESTABLECIMIENTOS PÚBLICOS,FONDOS ESPECIALES ESTABLECIMIENTOS PÚBLICOS,647761509321.0,913645485815.4736
2021,INGRESOS DE LOS ESTABLECIMIENTOS PÚBLICOS,INGRESOS DE LOS ESTABLECIMIENTOS PÚBLICOS,INGRESOS CORRIENTES,10465355744683.0,14761026853240.16
2021,INGRESOS DE LOS ESTABLECIMIENTOS PÚBLICOS,INGRESOS DE LOS ESTABLECIMIENTOS PÚBLICOS,RECURSOS DE CAPITAL,3261865957165.0,4600750529655.398
2021,INGRESOS DEL PRESUPUESTO NACIONAL,CONTRIBUCIONES PARAFISCALES DE LA NACIÓN,CONTRIBUCIONES PARAFISCALES DE LA NACIÓN,2416062836363.0,3407774114586.498
2021,INGRESOS DEL PRESUPUESTO NACIONAL,FONDOS ESPECIALES DE LA NACIÓN,FONDOS ESPECIALES DE LA NACIÓN,14879512860741.0,20987044708166.594
2021,INGRESOS DEL PRESUPUESTO NACIONAL,INGRESOS CORRIENTES DE LA NACIÓN,INGRESOS CORRIENTES DE LA NACIÓN,154245594000000.0,217558142367471.44
2021,INGRESOS DEL PRESUPUESTO NACIONAL,RECURSOS DE CAPITAL DE LA NACIÓN,RECURSOS DE CAPITAL DE LA NACIÓN,124133511278743.0,175086078110956.56
2022,INGRESOS DE LOS ESTABLECIMIENTOS PÚBLICOS,INGRESOS DE LOS ESTABLECIMIENTOS PÚBLICOS,CONTRIBUCIONES PARAFISCALES DE LOS ESTABLECIMIENTOS PÚBLICOS,4046805426671.0,5045743114711.426
2022,INGRESOS DE LOS ESTABLECIMIENTOS PÚBLICOS,INGRESOS DE LOS ESTABLECIMIENTOS PÚBLICOS,FONDOS ESPECIALES ESTABLECIMIENTOS PÚBLICOS,627891025800.0,782883407079.362
2022,INGRESOS DE LOS ESTABLECIMIENTOS PÚBLICOS,INGRESOS DE LOS ESTABLECIMIENTOS PÚBLICOS,INGRESOS CORRIENTES,10726859230069.0,13374741406117.93
2022,INGRESOS DE LOS ESTABLECIMIENTOS PÚBLICOS,INGRESOS DE LOS ESTABLECIMIENTOS PÚBLICOS,RECURSOS DE CAPITAL,2971548606023.0,3705063460687.5684
2022,INGRESOS DEL PRESUPUESTO NACIONAL,CONTRIBUCIONES PARAFISCALES DE LA NACIÓN,CONTRIBUCIONES PARAFISCALES DE LA NACIÓN,2434904976821.0,3035951504067.6978
2022,INGRESOS DEL PRESUPUESTO NACIONAL,FONDOS ESPECIALES DE LA NACIÓN,FONDOS ESPECIALES DE LA NACIÓN,12010303927302.0,14974999279030.678
2022,INGRESOS DEL PRESUPUESTO NACIONAL,INGRESOS CORRIENTES DE LA NACIÓN,INGRESOS CORRIENTES DE LA NACIÓN,170851972000000.0,213026096009521.56
2022,INGRESOS DEL PRESUPUESTO NACIONAL,RECURSOS DE CAPITAL DE LA NACIÓN,RECURSOS DE CAPITAL DE LA NACIÓN,146727236567694.0,182946266398852.94
2023,INGRESOS DE LOS ESTABLECIMIENTOS PÚBLICOS,INGRESOS DE LOS ESTABLECIMIENTOS PÚBLICOS,CONTRIBUCIONES PARAFISCALES DE LOS ESTABLECIMIENTOS PÚBLICOS,5011444058727.0,5718111526200.701
2023,INGRESOS DE LOS ESTABLECIMIENTOS PÚBLICOS,INGRESOS DE LOS ESTABLECIMIENTOS PÚBLICOS,FONDOS ESPECIALES ESTABLECIMIENTOS PÚBLICOS,871069586073.0,993899758608.1266
2023,INGRESOS DE LOS ESTABLECIMIENTOS PÚBLICOS,INGRESOS DE LOS ESTABLECIMIENTOS PÚBLICOS,INGRESOS CORRIENTES,10479879086105.0,11957654658659.158
2023,INGRESOS DE LOS ESTABLECIMIENTOS PÚBLICOS,INGRESOS DE LOS ESTABLECIMIENTOS PÚBLICOS,RECURSOS DE CAPITAL,4893542498739.0,5583584579232.111
2023,INGRESOS DEL PRESUPUESTO NACIONAL,CONTRIBUCIONES PARAFISCALES DE LA NACIÓN,CONTRIBUCIONES PARAFISCALES DE LA NACIÓN,2707382375076.0,3089152384689.5337
2023,INGRESOS DEL PRESUPUESTO NACIONAL,FONDOS ESPECIALES DE LA NACIÓN,FONDOS ESPECIALES DE LA NACIÓN,14534055205607.0,16583513178979.695
2023,INGRESOS DEL PRESUPUESTO NACIONAL,INGRESOS CORRIENTES DE LA NACIÓN,INGRESOS CORRIENTES DE LA NACIÓN,275633952000000.0,314501301316293.9
2023,INGRESOS DEL PRESUPUESTO NACIONAL,RECURSOS DE CAPITAL DE LA NACIÓN,RECURSOS DE CAPITAL DE LA NACIÓN,108427380769528.0,123716806666596.19
2024,INGRESOS DE LOS ESTABLECIMIENTOS PÚBLICOS,INGRESOS DE LOS ESTABLECIMIENTOS PÚBLICOS,CONTRIBUCIONES PARAFISCALES DE LOS ESTABLECIMIENTOS PÚBLICOS,5587053151880.0,6059839400099.553
2024,INGRESOS DE LOS ESTABLECIMIENTOS PÚBLICOS,INGRESOS DE LOS ESTABLECIMIENTOS PÚBLICOS,FONDOS ESPECIALES ESTABLECIMIENTOS PÚBLICOS,762380872264.0,826894880366.9586
2024,INGRESOS DE LOS ESTABLECIMIENTOS PÚBLICOS,INGRESOS DE LOS ESTABLECIMIENTOS PÚBLICOS,INGRESOS CORRIENTES,12630562697237.0,13699383091136.266
2024,INGRESOS DE LOS ESTABLECIMIENTOS PÚBLICOS,INGRESOS DE LOS ESTABLECIMIENTOS PÚBLICOS,RECURSOS DE CAPITAL,7082576857660.0,7681916947906.491
2024,INGRESOS DEL PRESUPUESTO NACIONAL,CONTRIBUCIONES PARAFISCALES DE LA NACIÓN,CONTRIBUCIONES PARAFISCALES DE LA NACIÓN,3107045087874.0,3369968698982.0566
2024,INGRESOS DEL PRESUPUESTO NACIONAL,FONDOS ESPECIALES DE LA NACIÓN,FONDOS ESPECIALES DE LA NACIÓN,15207329599317.0,16494200533107.906
2024,INGRESOS DEL PRESUPUESTO NACIONAL,INGRESOS CORRIENTES DE LA NACIÓN,INGRESOS CORRIENTES DE LA NACIÓN,317400206000000.0,344259168766151.3
2024,INGRESOS DEL PRESUPUESTO NACIONAL,RECURSOS DE CAPITAL DE LA NACIÓN,RECURSOS DE CAPITAL DE LA NACIÓN,140819678957957.0,152736087461715.66
2025,INGRESOS DE LOS ESTABLECIMIENTOS PÚBLICOS,INGRESOS DE LOS ESTABLECIMIENTOS PÚBLICOS,CONTRIBUCIONES PARAFISCALES DE LOS ESTABLECIMIENTOS PÚBLICOS,5956937650677.0,6147456376353.737
2025,INGRESOS DE LOS ESTABLECIMIENTOS PÚBLICOS,INGRESOS DE LOS ESTABLECIMIENTOS PÚBLICOS,FONDOS ESPECIALES ESTABLECIMIENTOS PÚBLICOS,973436411295.0,1004569499381.9943
2025,INGRESOS DE LOS ESTABLECIMIENTOS PÚBLICOS,INGRESOS DE LOS ESTABLECIMIENTOS PÚBLICOS,INGRESOS CORRIENTES,13344677214076.0,13771475519931.057
2025,INGRESOS DE LOS ESTABLECIMIENTOS PÚBLICOS,INGRESOS DE LOS ESTABLECIMIENTOS PÚBLICOS,RECURSOS DE CAPITAL,7033412590348.0,7258359850576.505
2025,INGRESOS DEL PRESUPUESTO NACIONAL,CONTRIBUCIONES PARAFISCALES DE LA NACIÓN,CONTRIBUCIONES PARAFISCALES DE LA NACIÓN,4031689853309.0,4160634028692.2974
2025,INGRESOS DEL PRESUPUESTO NACIONAL,FONDOS ESPECIALES DE LA NACIÓN,FONDOS ESPECIALES DE LA NACIÓN,18119471887411.0,18698980839218.254
2025,INGRESOS DEL PRESUPUESTO NACIONAL,INGRESOS CORRIENTES DE LA NACIÓN,INGRESOS CORRIENTES DE LA NACIÓN,305777927000000.0,315557519201287.1
2025,INGRESOS DEL PRESUPUESTO NACIONAL,RECURSOS DE CAPITAL DE LA NACIÓN,RECURSOS DE CAPITAL DE LA NACIÓN,155769579849588.0,160751505730375.34
2026,INGRESOS DEL PRESUPUESTO NACIONAL,INGRESOS CORRIENTES DE LA NACIÓN,INGRESOS CORRIENTES,314136625000000.0,314136625000000.0
2026,INGRESOS DEL PRESUPUESTO NACIONAL,RECURSOS DE CAPITAL DE LA NACIÓN,RECURSOS DE CAPITAL,176188909485331.0,176188909485331.0
2026,INGRESOS DEL PRESUPUESTO NACIONAL,CONTRIBUCIONES PARAFISCALES DE LA NACIÓN,CONTRIBUCIONES PARAFISCALES DE LA NACIÓN,4263020043872.0,4263020043872.0
2026,INGRESOS DEL PRESUPUESTO NACIONAL,FONDOS ESPECIALES DE LA NACIÓN,FONDOS ESPECIALES DE LA NACIÓN,17482810297839.0,17482810297839.0
2026,INGRESOS DE LOS ESTABLECIMIENTOS PÚBLICOS,INGRESOS DE LOS ESTABLECIMIENTOS PÚBLICOS,INGRESOS CORRIENTES,14372122089169.0,14372122089169.0
2026,INGRESOS DE LOS ESTABLECIMIENTOS PÚBLICOS,INGRESOS DE LOS ESTABLECIMIENTOS PÚBLICOS,RECURSOS DE CAPITAL,7908917918047.0,7908917918047.0
2026,INGRESOS DE LOS ESTABLECIMIENTOS PÚBLICOS,INGRESOS DE LOS ESTABLECIMIENTOS PÚBLICOS,FONDOS ESPECIALES ESTABLECIMIENTOS PÚBLICOS,1037335435350.0,1037335435350.0
2026,INGRESOS DE LOS ESTABLECIMIENTOS PÚBLICOS,INGRESOS DE LOS ESTABLECIMIENTOS PÚBLICOS,CONTRIBUCIONES PARAFISCALES DE LOS ESTABLECIMIENTOS PÚBLICOS,6309458650828.0,6309458650828.0
